kol_id,influence_potential_score,rank
d7f116e3-475e-47de-b1e8-13625ad7a870,7.601726164345887,1
9cdc7270-3dcb-466f-8139-bbb6797f091b,5.551516618621357,2
2700eb0b-7817-4b9e-a9c2-4278e5e597fd,5.362762753471778,3
5c12cdc9-9ff5-44b9-abf4-248535e5c139,5.042638034154637,4
069ebe9c-399e-4e28-a751-3735b816a1ca,5.016898292431561,5
20d1a1b3-9ffd-432c-8aef-b14029e6e2e4,4.9997969358618874,6
3e2fe2fe-f127-4105-9235-5b5cb3753554,4.995459650721178,7
ed075f32-aef2-45a1-b30f-4590cd6f0baf,4.953698396461992,8
d555dacd-c315-422c-92a0-f0a43582de9a,4.949137437554964,9
0cfb3ce1-162b-4e1a-94ba-f2a8e9f20cd1,4.943956478459215,10
2f53441f-b1f2-488d-93b9-5088ea048a6e,4.886708422947342,11
1e8bfe0e-b45b-4de7-9d23-6dff03ec4add,4.8403138407300785,12
abbf9fb2-8099-435c-801a-a3f6fe82a4b5,4.821911992117559,13
286e13d2-bdcb-4b3f-8e9a-fea52b45eef1,4.813912975458654,14
4699feb3-f82f-4fed-9f50-197ba835840e,4.700887187612282,15
9dde8e73-accf-4a73-bed4-5d909bdc5b7a,4.67291429814296,16
042e7f35-0881-4213-8934-6f0cc15e4186,4.656659362434591,17
b7b4b3e0-9137-4200-b5a5-f78523e977dd,4.6216287402120155,18
e665f4b4-62b3-4feb-be67-d66c1a880b49,4.604769234464642,19
1dc4947d-ba71-4a11-aeaf-e3063df5f5d8,4.5133282249281015,20
7974701f-aa05-4aaa-a081-aed583150625,4.490754782685385,21
9f68ac47-21c4-461d-841e-07c004269ae7,4.472992196885487,22
3843ea18-6dfa-476c-aa45-ad917e7b4caf,4.402539764016962,23
0ef4afe9-f379-47ab-948c-6cd335f4880d,4.390521157001132,24
6dfa49a3-0c7c-4c94-b038-fc74b8dc17d4,4.350089713436454,25
6ee2b94d-5a00-4314-82dc-3773e2cb11f3,4.304460472332694,26
e1e4b004-49ae-48dd-8971-049c498d0569,4.300681240097898,27
6e3f6374-afc0-4645-b455-5f3e44bffbe7,4.237883030204633,28
23f99692-fa0d-40e7-a1b6-3fa2926d2860,4.215713950411995,29
99ba30d7-8328-4dcf-a2d2-f957509a41f5,4.213519715418176,30
fc2382dd-4e3b-4cfe-a476-fdf069a427b5,4.191301748483249,31
1ae23881-cce8-47e7-913f-1e0b553a9cbc,4.187287111051584,32
7cd8ec6c-3fe7-4718-91df-589228decf67,4.173415271663967,33
4c72d819-9472-4497-ac13-acf1b40149e6,4.172723803883262,34
fa9ec7da-3608-495f-a6bb-d9dab846a7a5,4.149119616635143,35
0e813581-d9a4-4f7e-9aad-8185a284fa13,4.127568810312603,36
9514c7f8-cf0d-4229-806f-e93b8495a806,4.11996609980792,37
c82d7753-c088-4d4a-a51c-4b5ab35ef9eb,4.095971043959369,38
632fbe64-02f4-4e1e-b498-e9b1ff5039bd,4.081750194634994,39
7c2ab22a-e22c-4059-b23b-ff739e44abff,4.046727784979873,40
ca31995c-01f3-4133-a82f-cdc1918da7db,4.044771218479697,41
32aac458-28a9-4354-b63a-af49bf4eb562,4.044100939957021,42
8b07960e-eeff-4d40-a578-62dc38ca4373,4.0317911658594765,43
61248c7b-6c8b-41a2-b982-97282108be3d,4.030749946141591,44
36cf539d-d19e-4cba-8998-3a29a3f6580d,4.021117214517859,45
e5ad57e6-aaa4-4317-8829-46acadfb1665,4.020225383566664,46
c75a504d-efd1-4f83-9078-52d621485ee0,4.011681498004609,47
77a58e57-28c9-4e8a-ab45-4eea9b9032ce,4.011220336945225,48
9e2f2b87-3aa1-4158-9cd6-43761f23154e,4.009248816802246,49
7e418cc6-f71a-4605-aa78-cbf28fc552e0,4.009071415121953,50
5e47e747-8a68-4cf4-931d-96fb227bf93e,3.986026696856055,51
9979f8dd-e0a2-4460-954b-1fa353ab7986,3.9763431618589076,52
7d2c2a0c-2297-4e63-b6b1-ca94b3d24fef,3.9574442616051884,53
2911bb74-36c8-4b61-8b70-f329ab9dbdd0,3.9345955571192524,54
a8492b0e-1c7d-4cfb-b103-71f05f7b6c60,3.934275056325541,55
aab7848a-be88-47e3-b8d0-65ee1013cfa1,3.927868696169918,56
1f54d2dd-df0e-4198-9923-84d93b08d33e,3.920892591825539,57
fe3b150e-11d0-4285-92ec-e9d29cd533a5,3.9199533945645997,58
26cc7402-0d77-49d4-904e-439ae13362a2,3.9195652506338634,59
ad94edde-9f03-4daf-a415-b36758a52aaf,3.9178656373862792,60
3f761f7b-3d56-48cb-becf-ef2c7e05cf97,3.917450813055608,61
dc5b0f0b-c114-4a5e-88a6-2954994f3f6d,3.917288863494561,62
917eeb5b-aa2f-4a36-9757-65b8fd809309,3.912667819053896,63
386d6c87-108c-4920-b597-f333e360b770,3.895207661581672,64
7337474b-a26e-49bb-ad39-190e6372de15,3.886083455361241,65
42ea19e0-c6bc-4fb3-a19b-a94b037cca2f,3.8817788197944396,66
f68b04a2-41c0-4567-9c16-1e3bd2d993ce,3.865967856725846,67
d9ef03d0-4bfb-4325-b208-8ee5ea463963,3.862760410880544,68
183b056d-8f76-477b-abf9-c5fc29d26c98,3.8622961075631186,69
a6e24b1a-85c6-41c9-9fd6-50fc6ce39b7c,3.8610247209336026,70
eabb8dfd-1e01-427e-86e0-e95d9131fc05,3.856407759104714,71
82b21304-fc84-4789-8286-fcb2b4017f17,3.8460425692632363,72
fc3e8576-bbd6-4df7-bed1-01f5b918f486,3.84415726694869,73
9fc5b6b9-2bcf-4097-a8cc-391f7d158bc1,3.8376827561319424,74
051ffe64-4063-46fe-8f62-c15d22360737,3.83655143958158,75
31e4d2ea-8bc7-4c76-95cc-0f6c36bfc578,3.8362086836657503,76
cff223ef-1bbc-4e96-bc46-773a52815111,3.835828244153611,77
f5edc1e5-5532-41d5-a6e2-1a5d01639b77,3.8331997330987466,78
a1b8cf84-96b5-490f-b47e-331c4bba2d25,3.833100305477245,79
ad82fbda-5785-4edf-bac1-9db335d0ae30,3.8323611184516135,80
1394cfac-55a3-42e5-a9fa-101b6573c7b7,3.8050061484494817,81
ba6c78ec-28fd-4094-add9-372578f2d8a8,3.7998623636133537,82
1c751fb8-f649-4fe1-bddd-e2b5af01a633,3.7875724552791143,83
f641d922-3b14-4df7-ab4d-7a4ac1abdaf1,3.781904487414297,84
bf491907-8254-4ada-a140-7a8154ff26bd,3.7800622748676487,85
9cc00936-5644-4fec-ab21-d1e6914eedd7,3.779587928623716,86
61e02dc5-5cc1-4ad8-a5ca-4dbc09c02538,3.778749050730519,87
ac3871de-b4f9-4712-a445-706f615bd6b6,3.7727380704641655,88
d4a1ac46-3432-4ea9-be46-e0bc3d7a3339,3.7655610814776344,89
c9d7a634-efde-4c77-b345-51dd4825a7f6,3.7627446357305274,90
19888b21-6fbb-4f5a-898f-93ba54b0b639,3.759732749834249,91
d2bc3caa-7ab3-4cf0-ae74-46d079bf7540,3.757159321565539,92
1d4c3d07-74f9-476b-bb10-b1dc48215b63,3.7541864633109743,93
c33305e1-3620-43ba-bd11-5782d4fdecd1,3.744421310707121,94
717e1f23-17d1-4420-8e83-b91320048826,3.7398542778891373,95
343b8554-96f5-488f-bb41-b282a73df532,3.729020969853351,96
0315ae9d-1705-4072-a8d9-fd880560f115,3.7275139548037197,97
2baaa762-6750-48a2-a446-967987ffded4,3.7274003399748166,98
8d1e44e8-275b-4a53-928f-fec7e08339df,3.7202031025765083,99
a40ab794-d5e7-4992-b6d2-8ee00c2a304e,3.7198236441627794,100
ea0f0945-aa34-4e24-8719-d88e638f8e89,3.7044231912785848,101
dec43a97-4681-470d-8f7b-359ff5261312,3.702005349223585,102
a953efbb-2cae-490e-8e0a-f1289d567ff3,3.700121863822603,103
23d4cb76-5fca-4fff-8559-bf468d7f38e3,3.6939617471592867,104
0d6eee53-f296-4903-a993-1eb4028faff9,3.6919115623074816,105
c1e3df79-fe9b-4b1a-baaa-3270e3b37a1c,3.6879482726686095,106
0e61b6a7-11ca-41ab-b5d4-304053ac7130,3.6866785732880536,107
58fc7aea-075c-4266-9b53-693075a5557e,3.6866174780870598,108
249c4b34-a7fa-455e-8997-52f5675fc682,3.6838309605661355,109
db72d124-2d8b-4e08-b69f-7ff28df1346d,3.6742484418029733,110
a2ab91d3-5c47-4c1b-85bd-deca271f21d3,3.672956333869216,111
d56554d9-3cbd-4e8d-88a9-4b434b4c9716,3.6702735197874063,112
43f3bdf3-2db5-49cb-bc60-7ebc7ab6bedc,3.666786026441632,113
e41282af-2624-407d-8a36-6128b6cd2d71,3.6664141679290405,114
99bfb931-0871-446d-8e83-35207f540d88,3.663435034067902,115
93102d51-0d63-41fb-8196-faeef1dd7d48,3.663247034171866,116
50ea561b-4289-4fc4-b2fa-f2981a29f3de,3.6625421737128825,117
6fdc0664-9a02-4408-9e73-a94b973f5d05,3.6616437341318586,118
5d48f3d8-37af-4195-bba0-7e070d50e512,3.6611877883605817,119
48965780-5a44-400d-a26d-5d701ecceb51,3.657546638537424,120
741f2a98-610d-4216-b84f-60fa24677a75,3.655408812371559,121
a30dc3b4-36d1-4469-adeb-1b683f9d12fd,3.6530934652822302,122
52211a2f-80ea-4885-8b23-46912946eadc,3.6523983455703233,123
e7adc60e-20ae-4108-940e-30a4563bc397,3.6517792879596334,124
25282d56-0a02-4d3e-9f57-7d0f53ac492d,3.6454202308109056,125
b1fd6a1d-756e-423b-9b88-331c1cea61c6,3.642398765240913,126
960e5514-56ec-4819-a75e-5a13bda77a82,3.638326548909082,127
dd983c72-8b16-4c02-80d0-3c592ec472a1,3.6339643059729587,128
a7f312aa-14e8-4690-8010-e26fe681d914,3.6304024629734566,129
66770d7a-b11e-447b-b2a5-468c0bc45209,3.6299103751964195,130
6db2870d-6e58-4865-9752-aca78d484973,3.6299102813916577,131
50cac303-a80b-4dac-8545-7cdeee62ff26,3.6298284127927984,132
1df9f90f-a54c-4958-98c8-0e744cff3afa,3.6259580617446265,133
a3d14914-99fa-4655-9576-a6878ee5ca4f,3.624324686516202,134
09931d0c-88fd-4a63-83a9-f9dee08cf68f,3.6192738508774185,135
3fd0986e-136c-44fa-9724-545ae1184a51,3.615617703340542,136
4542fae3-2869-47df-914e-6d20c8c733b1,3.614524363370292,137
cd7d1d18-92bd-475e-8ceb-2c40dcef7f63,3.611768898434802,138
dce4b27f-e054-4f1e-add8-92e6561c626b,3.6115140529285465,139
71632b8f-361b-49ff-a4e9-9555c4282c61,3.600321443794356,140
bcd64c3f-96dc-4387-8940-815a4b6ad877,3.5989333493369937,141
5e0ce8e7-6308-43ad-b88a-48dae68986d5,3.597678487635335,142
2cae4c69-66ef-4669-9b8b-a4bc17098067,3.596348875675623,143
9734e38b-5b5a-4136-9e8a-74186513c323,3.595349370486169,144
eccd5167-51a7-43d6-818a-04eee7a401c5,3.5949609506064775,145
fa2387cd-c668-40e7-8608-eb85a753ca35,3.593917090674408,146
3fcb2eb0-5b31-4a18-a8ee-71040a2566da,3.593400293269631,147
ab9d4937-78b9-488e-a46d-b6876a6e2e2d,3.591353663040029,148
bb2e56c5-33a6-4225-9d7b-2b11f22a8621,3.584767583701063,149
f7406d58-a114-48cf-99da-4f3995f389d9,3.5746874195796865,150
a205b8b8-702b-4b41-beda-ce9d09a5f378,3.569631369971135,151
db19b1e7-7491-4a4b-baa4-c81e6c791307,3.5667744958176937,152
199de88d-5b99-4afc-8ef3-205e5b089446,3.562282570258058,153
1a12a918-ec76-43df-a1f7-8a30fd584246,3.5604460105530333,154
11a15cc6-a82c-46b6-ae1a-c68cdbcfb98b,3.5588589518452847,155
93208d68-66a1-4cd5-8789-5db8e7fcb0c4,3.5573358416557164,156
59cf0eb2-09ef-4829-b004-76fbe0736eae,3.556577113258119,157
097867df-92ba-4043-8736-1675a0aa38fe,3.5553747970198373,158
f72e2619-8ea3-466a-bd52-4425adec36c7,3.5550188138051078,159
a43f34c9-a03a-46e3-a69c-eb957aae0f55,3.5488495100113613,160
c3079f7f-bd0b-4831-8bba-d1f669c670d7,3.5483912736815197,161
66ce0771-1962-43d7-9e40-acdc7360f1c0,3.548188975481542,162
2e48c51a-8978-42f3-ba86-b16b621cf39a,3.5474785695601616,163
51c87d16-680a-450a-9b97-dfa98b9ad0c5,3.546882248055616,164
a0df83ba-de48-4206-bf20-0b37b312de75,3.543718228470444,165
b81441b1-f3c9-410f-999b-9147ceb7a99b,3.542815819797472,166
2106a48d-d1e3-4d55-995a-4901ce5f6a5b,3.5421710595912246,167
635ca9fe-b08e-43e2-ba26-faf6f57aba20,3.5394628667433548,168
fdfcc304-41de-42e5-b4d1-75b8504e625d,3.535675662301346,169
69dfb9ac-cbf5-4b6f-b9ee-3956e0837037,3.535090430751073,170
4b827907-b64c-4163-990c-f113a1e448dc,3.5343209548682086,171
c2751861-63d1-4cd7-bdcf-0bce418f592d,3.5339727730182515,172
d1664de0-2bc5-4d53-88d4-82e5d4c2c121,3.5323068591237554,173
dc651ffc-de95-4e8b-bde4-c1f4cf038683,3.524555969024604,174
bca23da6-f231-46d7-9188-164de41e4c59,3.522633140744054,175
ff84d7d9-5266-4cca-8d27-2dc705a56f61,3.521578046849279,176
c339368a-9cc3-4798-bd23-5adc3cd10b0b,3.5130428029174,177
a83c230f-af22-4459-a260-622dd9af34ee,3.5126045486421953,178
9f7e550a-a89e-4327-ba2c-46c8426b5715,3.51090276713452,179
bcbe642b-5243-4362-ace2-8e43043d0396,3.509495552711457,180
9f1a27cb-ceb4-498f-8bdc-589f888ed8c5,3.5078284680248286,181
514e48e2-1cdb-45c2-8d01-5ae449c2adc8,3.506783455099293,182
f02c094e-8122-463b-9c62-5fae66c1610a,3.5053674421812535,183
819b3629-5d67-4325-93e2-b1d5ba41a36b,3.502475762844528,184
a6bee6bc-a827-49cf-b1db-90f7ecadb0a7,3.4939651765200868,185
4cbc5b25-1a7e-4181-94eb-105c7eb0e7cf,3.493956330062017,186
04477a45-3d67-4864-8e8e-e051d7e66419,3.491939428126624,187
5165e14f-e27e-44d8-a607-3bc10c44e627,3.4894907700886617,188
72763f87-f6c3-4c15-b750-d83d7194a278,3.4854579474282703,189
a589fe50-5717-4c2b-af33-2034c11a6b5f,3.484428449422414,190
94c21efc-31cf-4fd9-82f2-4aed1075438f,3.4837877362817795,191
ac7c233d-e73c-4a49-a963-b2f408197eb1,3.4819220455086484,192
2a47a544-06ca-4476-9c97-0cb8d74beefd,3.4759888832879744,193
5fd7cad9-20ce-4d30-bb18-c1fa76743e4f,3.4758590954640414,194
806a8f01-1fcb-425e-95cc-9d722ad1131b,3.474395311281227,195
b36ef87b-b41c-448e-b373-94c10573b265,3.4733262190591367,196
3f53f568-671e-40f9-aa3c-89ddb1f46c4a,3.467797941261405,197
bc0c139d-6d78-49c3-ab82-94b3c099a733,3.467061670503601,198
bc4c3f03-aad0-4d72-a2ff-266e7704791f,3.463119312025966,199
bd00e704-204f-4b1c-ba5a-aa8d00ca4dab,3.4624129533350736,200
6737126e-56fc-496b-ba69-fff0915a2999,3.4616700021423763,201
dbf88ea7-e115-4f69-b6af-7ac750077bd2,3.4611232696754954,202
bbcf9ea9-2cea-4174-8346-41ae70b10060,3.4596429848384678,203
c4494824-3bfe-48bd-a40b-33c7b30dd8c0,3.453108508356221,204
c403a7c4-0261-474a-9a04-e059b25f8d85,3.4521852914298123,205
2d3ee832-45fc-4408-a031-2ab94214d6d3,3.4510634668618194,206
dc4de692-57ff-444a-87b5-529759223045,3.449018993799818,207
cee95ef4-96bd-41c5-a2fe-73025dfbf4e8,3.447892433927445,208
db10453d-3336-4180-9f9f-53c12ae203cf,3.447531524086734,209
1a390ca7-92db-46b8-a15f-aa155fad91dd,3.445557011710663,210
21dca992-e496-4321-acda-87ec265984d9,3.44433834965997,211
6896f67d-8bea-4485-8fcd-954fce910ace,3.4428585313801574,212
5fc44a33-1320-40d2-bf84-f94bb24de485,3.4424030197141104,213
7a4d0f5c-02a1-43fd-83e3-e25a7f9cd965,3.4413568858902255,214
5498fd03-2e40-4d5f-bff0-16bc8a45f452,3.439385268488687,215
b514da94-aa3c-46b0-baa8-8e67e1d723ff,3.4371600663004322,216
b75e1b6f-5548-49d2-96c4-92c9e1589746,3.4321059076022458,217
dac1d0a7-2498-474e-a64c-b0ccb5c9d294,3.4297591903076383,218
3a35b858-a0f9-44a8-acc2-317e92e52a99,3.4294280620755684,219
d99ae838-6338-42bd-b071-c17fc1cd6d6a,3.4264050838077487,220
b5b63cc3-8c04-4bac-9857-787f998d149a,3.4259787508204833,221
d8ef6af5-8159-42d5-81cb-9f6161325845,3.4256583246907115,222
0481cc26-6e98-49f3-a387-00a89a3c0cd9,3.423956477247861,223
4f8538fc-f13c-45f1-8d2b-5cb6868b18b4,3.423796437032055,224
9cd959ef-17df-4ded-b6f7-11dc30863bc0,3.4180576253766977,225
50c467cb-a601-4b84-9cb2-9960eedf7eb7,3.413481596016808,226
1cff3092-c657-43c2-ba54-188c57f8d41f,3.4134256594920984,227
35c6fbf5-c45e-4dac-a3ef-936e4e8586ac,3.4124860938974946,228
3c8a67dd-62c4-4d02-bab8-5cbd9cb1c206,3.411700400765406,229
30447fc3-f2e9-47ba-99a8-c17fddb032fd,3.4094351525511364,230
9fb5e69e-f360-460d-8f19-0b9b4c63c7e7,3.4052644140887196,231
1b17188d-ad66-4cc2-a1cd-469b72a7d495,3.403598119023566,232
6850d5ad-48b1-436d-a174-b1c678c7d997,3.403061926654507,233
7fa11446-76fa-472a-8bd2-4ffb13d99d0f,3.401960023300387,234
52ba96b0-3aa9-42d4-8d12-5c148b54dc57,3.4014934373444285,235
3dd405cc-ae3c-45ba-8559-41d22693cd13,3.3985596599325283,236
27b51ff7-f01e-4854-990d-9f429400e2f1,3.3929377038458015,237
26608f50-81da-4744-8ce2-2f7df92385ba,3.3890988527759505,238
7a4b2b8d-9ff1-4674-be1d-95cc847c1b25,3.387627244017765,239
75c8976f-0bde-470e-9138-e3d28c2e0410,3.3870971840473683,240
27a9e88b-4a0b-4fc2-8435-dde1efe2ef88,3.3869326301458753,241
8c5d2bef-064c-4d8c-b04e-e73dd0fcd047,3.3865995124742367,242
bfb2dcd2-eecf-4c45-9bd7-1d8cad761aec,3.386067470633561,243
109d95ea-3255-4a99-a4d3-1d53a061aba8,3.3859938136652694,244
2973497a-a50f-43f4-b34e-93c55f97ec45,3.3851029603349243,245
14545146-1410-428c-b0cf-d88ffeaa908d,3.3840017704574907,246
45eef410-ecc6-470d-bd01-e2936096c1f6,3.383864894746518,247
e19b6927-7e5f-4544-b173-9fb6b9406573,3.383479591072788,248
82454d58-bbed-48bf-a22c-70ef0fd33295,3.3812700855178126,249
da10dac1-f126-43aa-bde2-c9e326fbdb4e,3.3749027506394023,250
49d8f3b1-a779-4aae-890e-e65140ca6ebf,3.3742852012517686,251
2cb5abf9-faaa-45ca-80cc-6db7429c873d,3.37079730150996,252
f8412b33-f953-4e54-aa60-386c70660a3c,3.3694880417884745,253
99669773-c9a8-45c3-9e7f-dea47fa12553,3.3692257840259594,254
88378656-0dc7-4885-87b6-596b3e586c1f,3.365806713321965,255
43a93e54-d4e2-4b1f-9fb4-557621cf4eda,3.365753332436331,256
31c28b5c-a7df-47c3-a6d6-cc72edb72b44,3.3650674734063295,257
53c20ddc-c6be-4ca0-a4aa-b05e7fef2359,3.36387311211305,258
96b9e829-35d3-4cd6-b2eb-d544fe28287f,3.362338778705833,259
42363150-fa06-41e1-a34a-b4b02f5ea75f,3.3581783398797316,260
948e7b10-e556-4ca5-90fc-e2fdd644a37d,3.3580390170111305,261
4118b2da-605e-468b-ae32-edbb881921e6,3.357614334966457,262
6093654b-6096-471f-95e4-b66fccac0ccb,3.3574272400136476,263
fc6f8163-7fe9-41df-987d-3804c96d6687,3.3564854253164147,264
31be7e6d-251e-4f05-b57a-5248c747992f,3.3559337515632377,265
ed9ce505-3da0-4e7d-b8e2-8f40daac3a0a,3.355479687342631,266
5a80d2ee-6cb6-47a9-a297-05ddf430c6c0,3.3536712185369497,267
6ebd7dd8-4f40-43c4-99d4-299d996b9f29,3.351912380754803,268
3b9a980c-a2aa-47cc-97dc-2967a0ab4b18,3.3517996688721787,269
fcaf0d98-ec89-4da5-ab19-baa41dfe9045,3.3512206049418602,270
e1903f11-5e91-4fee-aeb1-d9df6461a733,3.3509390319509342,271
3e041127-6b7f-4c69-b83f-009ecfc9986a,3.3504033127423076,272
df462375-f36b-494b-a42e-7c5ec8a055a2,3.348391189785368,273
3f721739-b43d-48c7-8e0d-1c7b829cef9d,3.3475613038571157,274
3db7e4c7-8acf-4275-ac2b-5be9f25832db,3.344993414241344,275
af1fa0ac-b974-4e09-8112-f23abf851b66,3.342932913472223,276
fba027fc-5607-4b7b-9841-8c35072db9c4,3.341893390828134,277
6db67051-6d3d-472e-9e21-31800f97158b,3.337866242816158,278
256538cb-14b6-44d9-9361-70745bb50341,3.3378085424136246,279
b5d4bc6c-059f-46fe-93a9-253db20c3552,3.3376002313039574,280
a0e5a549-199e-4504-989f-eb60ff47b92a,3.3350146912415286,281
ef5b1bcc-d2f9-4b5c-b1f0-97f0965340f2,3.3347193513671236,282
d96bc37d-0134-40d1-b758-3d68b628e7dc,3.332987421590678,283
6f36e506-949e-4e31-ac41-b468ff3005d3,3.331136923846542,284
b3a01f8a-86d2-4f97-b097-55f00c55d1a7,3.3306794374295494,285
517ccd54-28b3-4779-918b-efd997ed56e8,3.3301904436815155,286
14636878-a66a-4229-bdda-fff766475deb,3.329857941261665,287
10fc0fb3-b4f2-49e8-893c-2017eced546b,3.3298118778985786,288
738fc87e-22d7-45d3-83f2-12a79e35cb7b,3.3268923741309604,289
afd92594-55dd-486f-843c-885bd370f1b9,3.325130274067111,290
41ea8ffe-82a7-4d69-85aa-1090f39628fe,3.3250358193312546,291
23a8235d-db60-447d-9f5c-ad38e9a03f5b,3.3241687477872373,292
fae7a728-92b7-46b9-a9bb-3de618f0dae8,3.3235864132790987,293
4805813a-daac-4ca9-a529-ef2bf4499c29,3.3187581224337657,294
7b9e1103-78ed-4188-b3e4-f766f967796f,3.3168879938723563,295
9dfbc3ce-2c93-468c-a9e0-a7b6974d1677,3.316506130679956,296
c000374c-7e8c-47f8-a2d1-dff40b102d7f,3.3145921738215436,297
a0538daf-3f13-422a-a224-458fe4065f79,3.314377503885245,298
be17418a-3c2e-445f-bcf2-bdd2956184d4,3.313747361300714,299
35217fd6-4aa3-4f14-85d9-9ba39cde687e,3.308238513431422,300
82f6bcb5-c15a-4a68-89b1-cc92c899bb1c,3.307435821454598,301
639911b8-1a40-403a-a224-bfe6d05445bf,3.3049458405103147,302
40b8a66a-7036-4353-8013-6ca0c80b726e,3.303518537323456,303
dc28e403-5ec9-45d1-9c3b-87a1bcca6054,3.3030459477749368,304
21abaa70-0eac-40cc-b050-37f78c2e9a67,3.3001870550562256,305
934177d3-bb5f-4120-aa07-6a4b867aa776,3.2972934722843728,306
b0f91ba2-a18e-4f10-acf4-78c47cdc7565,3.297253756829649,307
efc7deb0-b0c5-49dd-90da-4eac6544759c,3.2968249595139887,308
9b1f3531-d805-4d0a-8b38-edf9848d97ea,3.2957626232643067,309
adc84066-92a2-4aa0-81fe-f22dc4b9bad7,3.294663948380521,310
a45a10dd-dd0c-4d54-9212-6edf21e807b1,3.294541897194508,311
7496566b-3981-4cca-9e37-d90e48401760,3.2944500328029047,312
c846cf08-5b79-40e6-9ab0-e108bbed6b44,3.2939322038271426,313
515045c0-9dbe-4671-8dfc-501bd87d5427,3.290753168611722,314
2e0bc932-b336-4f91-8220-8fd79ed806a5,3.290487758380678,315
760e6b8f-6f3e-448a-b834-f98bc6e13f22,3.2903832406398887,316
19361971-43e6-4c5a-86b0-535f1416459b,3.28917986572215,317
d7d4b491-44da-4cd2-9814-7bc7d00fb1a8,3.2882325122315734,318
d49e1728-de94-4974-8bd6-f8fbaf54636a,3.2878839536264035,319
0ebaa2d5-6113-4ded-b8bd-f64a1b2eac1a,3.2874556922991522,320
ec1bf960-259c-4e4d-9fec-a6625b5e4867,3.28610239519631,321
f9ae8b6d-3c1a-4a6c-875c-c3ad9d778cb3,3.2850380702980195,322
dddf8d8b-ebd3-4df8-b87f-c530fe6c8b75,3.2846748358023214,323
71393f2f-c102-4d09-8ad0-05494028347b,3.284406168708343,324
d5fee8b0-dfd2-4492-83f2-c1245578c8e0,3.283686037595369,325
41e8548a-6755-4c2f-baae-68144d395628,3.283564813240313,326
0cc90fab-33b8-4d39-849c-f63a90328636,3.282804044518258,327
4384376a-8916-45c7-a8a7-fa95266812e1,3.281151000490794,328
75ff3e9e-ff95-4c2d-ad21-46532796f40e,3.2794522255966836,329
027a167a-1b05-4025-b8c0-7964ff9aee26,3.2794086309865187,330
5d58eac1-b738-4427-ad2e-c57fed717991,3.2793158907607975,331
741e4144-5e10-45a0-93e4-8ab8ad19aec3,3.2791849171616088,332
7cbaa16d-96ae-4c1f-a75c-48b6baf1f5f5,3.278640184080347,333
40cfa7eb-ea5f-43d9-a850-8c60176713c9,3.277178786370822,334
f7b72e40-7f47-4ddf-8655-971bffe783c8,3.276246598331882,335
22cca810-b4db-4dbd-a041-a3b08b8bed23,3.2757185621416594,336
e435aab1-4b43-4025-96f9-7e58821e01a0,3.273259085396166,337
37b35067-d9b0-4242-8c75-2b9497b1f8e6,3.2720079513806897,338
bb31cb13-f0b4-4d50-8825-bffdc4cd89a9,3.271714602443897,339
942497ed-6a56-43a5-b50e-988781ffee41,3.2683418103026423,340
4f30eed4-244c-457c-bdf9-3f5cf09e2e21,3.2677851728771876,341
a8a6d445-6b25-498b-b62e-77cae17f3617,3.2676197333983215,342
8b58bf19-0fe0-4f13-96cf-e84102a5945b,3.2674206149391813,343
5b2de4e0-8d36-4b8d-b23a-4f97199f3616,3.266218015899898,344
6c7290a5-e365-4512-8fe6-d68f50aa88b1,3.265712684781114,345
320bb5cf-c248-434b-ad08-9fc87e75263e,3.2640302017651646,346
5c7e35e8-a7b8-43aa-a877-cff2fdae59f3,3.2634322979304886,347
d9ad862a-390d-4c27-82a8-25db0af424f8,3.262983331903927,348
60ab6ccd-7283-4b04-84dc-021a72be7c35,3.2626538247939583,349
b37300f9-280a-4dd9-bda9-e2c867e73fd0,3.2610424394009603,350
c3f392c5-7157-4001-b967-2560789b9a47,3.2598409598048503,351
632e7f29-c41f-4e75-aa7e-95135fc72642,3.258143383711065,352
60755127-0bdc-4fcb-a6ae-159c4b8caaf9,3.2572559249662976,353
db0650f5-33ab-4cdd-8083-b721ae12c4fa,3.253424407940301,354
fa8a73a9-e233-45bc-876b-260d98f8fa62,3.252255542122455,355
9d050274-7e97-4b5e-bf9e-9b5ac3214601,3.2511053281695825,356
f16e7f43-ebe3-4997-aa17-6e8526b72456,3.250013944036308,357
ce84d144-329b-4421-b7b2-1c626743b225,3.2499994647100325,358
8e959bb3-3bb2-413c-8e05-4a8cc83a2ef0,3.247688354101641,359
1aad656c-ce97-4a1a-87da-43c82886c216,3.246620681122861,360
20972f9b-6400-4470-9259-77d8740ea644,3.2464431612809284,361
79871554-6901-4572-abf7-3c58f7ec7b2f,3.245965165026254,362
8b85d90e-9807-4cd4-bd5e-38598dbfb02d,3.244861980172938,363
ea1b3ef3-a409-44d1-b377-6aea24e4b2d5,3.2446664427129397,364
f510ade6-ccee-460e-aeed-df7f6c9e715f,3.244450964214395,365
3f7eceb3-22ab-4d20-95e0-41e8f752a366,3.2439638434401905,366
b874579c-2964-415e-bc62-1c37f3a04fbf,3.243887725564249,367
433df603-0db0-4584-9081-e76e3810f1fd,3.2431000690388716,368
3d8ae962-c9d9-4d27-832a-3934607487f4,3.2426871955955643,369
08042034-74d8-4c8f-9d2f-139dc29e4102,3.2413834350933812,370
bf9d4467-d80f-4536-96b6-92a2f448be5c,3.241278257717154,371
5c82b9b1-0412-417f-9b4f-b9a215e2a639,3.2379019736412618,372
1de13eca-a6fb-46a4-a8ed-a3742907cc08,3.237278016942342,373
8c521f04-f81d-451b-8de1-82e34f4cffac,3.2369875819761016,374
94d57abb-8698-4180-9847-d827d070d61d,3.2356489734609055,375
b7e5573f-d829-4ae8-a653-37e629252fff,3.234764040439093,376
b04169d5-25df-4133-b477-3869c764e8da,3.234311645023931,377
6892eb72-3c57-4ee4-ac2a-f28ca66ea52d,3.233911838479361,378
e1ae67e9-5809-41d4-b3d7-d713b44a336d,3.233707920716106,379
f277118b-b708-45ae-9af8-96b120550bdc,3.229071966791689,380
98aa41e2-704d-4d0f-9271-bdacd1e898db,3.2282191459428566,381
22c5b24d-5127-4169-8724-6112b5165da8,3.227530515205578,382
bf176d5a-c733-4ca4-91b9-9c05703d6e3c,3.2275199561584933,383
122faa13-2774-4703-a9ab-e7df3bbdd406,3.226980293720065,384
0b9802cc-6600-408f-bc27-74381fb483dd,3.226806686559884,385
0a629d0f-9ec1-4cdc-a3fe-b71e9ac9ed92,3.226551560331953,386
ddc6a81a-0cf4-4dfc-a656-a597e147ed6c,3.225556943632068,387
5ccbe465-b632-4bf5-86f1-2de266ad35c7,3.2253838684105496,388
0a6c28d4-1051-48dc-b361-6f56ac8fa89c,3.224725138269888,389
bb4ae410-c236-444f-a70c-5458df1b6739,3.2242006497356583,390
891b52d5-224c-44e3-b4fd-f90bcec3254e,3.224098884890889,391
542023ef-7611-411f-b192-29ebfacf3ba0,3.223660528453699,392
4a0fb0e7-751d-4471-b72e-b52603c99e92,3.2233316009355515,393
be1a5b8a-fc87-4a86-9f9e-180b533e531f,3.223268619707173,394
a0f3154e-8876-410e-af21-46ed8d7396fc,3.2232601759297603,395
35006722-af97-4637-ad73-383b02fd0ea4,3.220929558471523,396
80084efc-51de-4c44-a1ae-3a263850d2d6,3.2200614851818425,397
490bb747-0be8-4151-a302-c548cd7fad94,3.219894700354374,398
cc19a073-68b1-4754-8016-21b13ea716f6,3.2166166755388224,399
ae841767-b1a0-4167-9ce5-be44276f2d27,3.214876604044483,400
809beaab-0476-4798-9502-c92971ba9ed0,3.2148352438176033,401
d8f44966-2c78-4780-8472-008b4e8d954c,3.213808560869823,402
e0efd739-9c4d-421f-86bc-54c260ed6ef0,3.21334942988939,403
215066a5-9d3c-44b1-b0e8-ac4b4a4cdb71,3.212236017259384,404
dd3f6915-680a-4687-a7f9-8d0f064a186f,3.208681995623762,405
70a7c563-7203-4bdb-b9c9-2e297869e97a,3.206290475632602,406
652dd195-e841-484c-8c6f-5c5dda0a4da7,3.2055443591221873,407
58ae9534-c3a2-4265-a7f8-c40d63443945,3.204949709408921,408
4a599f01-d84a-4ff1-947d-d9725b35cc19,3.2047167307816533,409
fe436364-77d6-438c-8a0f-382e0a8d868b,3.204694458743879,410
a865afb3-487d-4a23-b2a6-aa9a46bb606b,3.204233791887449,411
bba1df3d-8de0-4bb4-b775-a3454d199572,3.203981272726933,412
ccfe9153-8a23-42f3-99b3-4216291dc6bc,3.2030254772910873,413
59661ce3-89cf-4da4-992c-6dc73fa4400e,3.2026697339641266,414
45f778bf-b6f2-443e-8f3a-8927200d36c6,3.2026603744829663,415
99638c46-3da9-4db0-9843-17ecbd4fb9c4,3.201961926160885,416
1c4f327c-264e-4691-a2e9-fd1cf5b8870e,3.201363741076897,417
acad9638-8a57-406e-9206-0ae93cf117b8,3.2010039406472437,418
979d296a-4d03-4fca-bf3a-2d7282728239,3.2003196166885015,419
b363f62b-09d8-47a6-a168-bd68fe4a8872,3.199270359508625,420
c65274ed-0a8c-4eab-8df5-749973ff17d1,3.1991407009181456,421
f6f5feb5-62f5-4650-be37-b2946c8471fa,3.1990925012807203,422
99a3985f-e81c-496a-8ca1-bd4b381a2693,3.1988705364557064,423
22e0ad86-a1cf-4967-933c-b13aefa6daa3,3.1985020459950677,424
d5d6559d-ac89-4458-ab97-ff9e74c75803,3.198053820318763,425
7ae8afa1-e63e-4c91-962d-2e93591ac1b0,3.1969534206587724,426
25180f43-481c-4d08-b814-1f56723891aa,3.195254098299533,427
ef94899b-1071-416f-af2c-c51139c8c162,3.1946902561171546,428
f7ea8d39-8387-4496-be63-b41ec62b81fd,3.1945740175324215,429
c0a56c47-f901-4952-9351-e5bd441ff60b,3.1934003392658834,430
846969f7-96f9-4ea2-bf0d-8d9c0811d3a7,3.1929345886632055,431
6f2ed538-6e7e-4a0a-8f1a-09036973d507,3.192794525734593,432
961b20d5-f84b-4122-8fed-babbdbc9b378,3.1916193313540564,433
b91ea0b6-de72-4250-8fa3-369f58e1c0fd,3.1912422218505014,434
113432ce-8137-4127-be88-f334fff7531b,3.189595374479834,435
9ca2dcc9-374e-489b-ad36-7506cac909d3,3.1888323884824628,436
aa64004b-2d18-4d21-a9b5-ec7825a0f5b1,3.188656629359101,437
ff329315-2801-4d8a-bbbd-947300143d96,3.1874674994235614,438
5749a4bc-a915-4620-94f3-e6c304f92ffa,3.1873934491349205,439
0bfdf32c-4218-46ae-9154-4a7fbe1da37e,3.1868274832699024,440
87cb2eba-08e0-43d3-94fd-39bf0c2cf82e,3.1854531187812647,441
0c973526-541e-420e-81d2-c3680930a8c5,3.1835586002724128,442
1e14f991-2f3b-4300-89e6-12067a39a3d4,3.1835005834949284,443
dfd8e269-d2b1-43ea-a96a-f410fd745638,3.183079313046942,444
2360f8ed-48c7-466d-9754-4a59344a1ee0,3.182077554241378,445
68989161-f893-421b-b26e-5eaa675d9597,3.1816154072018485,446
9843c1b1-0b66-4732-a585-f7a8c0c62227,3.1813025864781093,447
efd5a6bc-0ed9-491e-b1dc-d7fa9d7ae549,3.1803815679960916,448
446c4559-91b6-4526-84a0-603ec4125bc4,3.1797108193123567,449
ea4ab402-560b-4e6c-80d6-85c7803fdddb,3.1782521033405766,450
52cb80a1-ef98-462b-88a1-829260f69048,3.177889082191292,451
f5a1bc83-f591-4a01-8a7b-bf34127d2099,3.1771940167591213,452
1833714c-591c-48bb-918f-b64330ec4994,3.1771867529945643,453
077b708d-7a23-49c0-b410-e90df96c9c58,3.177147018862448,454
d7b7c83c-fafe-4e98-9af1-d0584b908dff,3.175997112276539,455
eb795cdd-20ca-4f1f-8201-be5621259432,3.1754729127965544,456
a79fad5f-0a6f-42f0-9151-6ac8655b3bd5,3.174846694955589,457
50f307e2-89ac-4f16-ae32-11040649aed7,3.1745664197090124,458
418a0c7f-5cbc-4ca5-8e87-29f0105ba160,3.1734750636273463,459
a26be98c-c7f5-4eaf-bc2c-74a8bd47456c,3.1734393283655775,460
06b058be-813a-43de-ad22-874f3df889a7,3.172508068100208,461
36c2f245-d33f-4fbb-af23-d0da2e7c3d47,3.172499201866617,462
5b2875d3-202c-4e84-a7cf-ab2a79d0b23d,3.1722640460740124,463
8f7b32d6-bf13-4daf-8016-76b21c60cd08,3.171902859306011,464
746059b6-87bd-4f3e-8081-2a0b690b5f16,3.1706925256792573,465
2832e939-15bd-4723-9656-6fd2cb109eed,3.170054093355593,466
87d5564a-7b5c-4c09-827c-dcff8f636d48,3.1700489053494554,467
e8988608-222d-485a-aa38-eedd7b196749,3.1699320448075854,468
5eec844e-1253-4d59-8f09-223eaaad6037,3.1682413628612074,469
2e7bade9-0ee5-4459-a10c-ab1590b6b79e,3.1675954472565335,470
6e506cd9-d4ec-4645-b760-e085f127f88b,3.1666532954080076,471
8eed7713-c63f-4fe1-99c5-9b2ad7ba9439,3.166142220921339,472
76695e37-8a93-44e2-82ca-a1a879f181bf,3.1660175869130645,473
eda7f260-e918-4cde-962e-03e2668bd95c,3.165809862894466,474
4634c269-33f9-423d-a080-11c6020f281e,3.1655395491477174,475
7b7b36be-4b9e-4d73-8db1-f0ff8a69fffa,3.165178932039086,476
449237cc-6f84-481c-8d6e-e383101c8dec,3.1640559083913726,477
af72c6b3-2d5a-4560-898c-afa93703d212,3.1632063628526215,478
e8fafd8b-9bae-4f10-bab2-9a0f0c58e043,3.1591709533232257,479
0047b0a7-fe1b-49b1-a795-005d3a62ede6,3.1587802420468205,480
19aec5ba-b4c7-4003-b9ac-bc4372690fb7,3.1587375220097242,481
c5262ad7-c0ad-4887-b5ea-6c68e42591ca,3.1575682920266614,482
72c0b16b-2f24-46ed-b5fd-ccdfe6c23ed3,3.155935616852364,483
b80d8e14-308a-4e94-a9e4-44bc32ca2534,3.1557541794280013,484
1e35422e-6694-4dd4-8290-2428a1087530,3.155419070306013,485
1d0bd41f-b986-4580-a988-b666c8ec4eb0,3.154930327870145,486
e62abb89-0575-4a91-8c3f-8cd1450ee734,3.154260696840184,487
c3dd4e55-f82c-40d2-a21a-7d4037b0fb0c,3.1541969111709305,488
099904f7-7321-467c-b20a-f306bc50195a,3.153440419270728,489
8d785542-d2e7-4889-9049-07043b0a6f4a,3.1514027864356122,490
c00a654e-959f-42f4-9e85-174bf9ab6bfb,3.1513934620846373,491
27455007-4cd5-4ad7-a501-a74dd4fe4973,3.150813335305027,492
a93832ac-8464-4e5a-be2c-727309f39bb5,3.1504079212651783,493
ee562ba5-0a18-418d-9f5a-a5bcecf4db11,3.150289665989856,494
e231125d-378e-46db-bc74-66571e9a27c7,3.149958585600475,495
2fd9ea03-190a-4aba-b41b-9b1751072ec7,3.14957036678457,496
4d75567d-afac-49b4-940c-3adc6b405093,3.149351406724112,497
c33eb90e-f3c5-402a-80bc-2c899a96d415,3.148101228682974,498
1d254cdb-2335-4585-9458-be4eb78ee8c8,3.1477767965361414,499
d9ee9ed6-5c2d-402a-8d85-a2cec9ea8a71,3.147052459362311,500
9b0b8714-3dd4-490e-abb6-3045cea47069,3.1470512735162437,501
16c6781d-8727-4455-aae3-033d4f92d4a6,3.1464368195893115,502
fb89d555-d28a-4105-8c86-9e2d1acb43f2,3.1413162093556206,503
7e1a6429-9643-4f2a-be77-b66cfff91145,3.1397055144895893,504
546b547d-09f6-42b2-a1bf-4ca4d2f1c98b,3.138740492481444,505
f71d0c11-2f9f-4a18-8f9e-bd02114bca0f,3.1375202476578252,506
8fafce03-09d4-44a6-8c3d-a1fd47794066,3.137513905144393,507
66860369-76f3-4394-a274-c5a48022f2ae,3.137180557168227,508
7abc90c1-a376-447f-bbcb-b25862678245,3.137110831257493,509
51e4704d-4615-4a7c-8a86-100898463869,3.1359508632045867,510
5174e292-0a0b-4d40-9263-28b11e0ddf87,3.1355345509974795,511
bdafa4c0-4fe1-479d-92c7-493e4aa7b98a,3.135106121173117,512
d6a9f5ff-bcf4-4f65-83b8-1b5b6a8ce048,3.135020605766024,513
af33a330-e076-43c2-a350-67368665603d,3.1347546566612983,514
3c62322c-c713-4cbd-91c7-502695fff067,3.1346327611489304,515
61576855-3e72-409c-95b0-d53e2e51b201,3.1335040554379976,516
9bf22698-7fd0-4050-a794-4ffc2dc52934,3.1330010295823008,517
475e844e-4aaf-49d8-a5c7-a8d25cd89ec9,3.1328427160900967,518
92788153-40fc-4b0a-afe3-c84df99084df,3.132772977583063,519
b2cd0480-e9ef-4c97-867e-f9d0aba8c453,3.1314924434122564,520
162c3e02-06c4-44ab-9888-6c32a0c967b8,3.130815364970997,521
b406b90c-0d86-4ffb-861d-747d1629fa50,3.1307607038438805,522
8a075c0f-8285-4d0f-9688-053c195307f3,3.130185468120448,523
773fff5f-2793-4b5f-9783-e3a927aaa0b0,3.129568041842557,524
38a4738d-7f1c-403e-bdeb-ef4668801df6,3.12948536181975,525
27b21f7a-f1f7-443c-9842-64d75500d410,3.1291816545519553,526
efb18230-91ee-4940-81a3-51071fe194e0,3.1290941991006593,527
67e36f5d-1d0b-45bc-abeb-57349a608c7d,3.1289931616941113,528
8e5464d7-a22b-4c79-a719-9ff220cb7fce,3.1289277205067063,529
9bef416d-5cd9-4c0d-aef3-f1c7dfc1f02f,3.1282920374699485,530
114c04d8-e35e-4d99-b0aa-c350a8d06233,3.128032012516499,531
eb340a28-f1ac-4c8b-a172-9377543693b4,3.126482981855546,532
02f09aeb-e8a8-4efb-90d5-b1ce1e0e1aa1,3.126052913296594,533
feda8830-9219-4c5d-8c3f-ad992aab3315,3.125964611046319,534
114bbc8a-6e11-4739-ae56-78bbab4c666d,3.1251097380540775,535
ecfa5eeb-3c73-485c-a6f3-9540b95cf085,3.1244697073032754,536
afb63186-d7d4-45ac-8f2d-6df9cf3e489e,3.1240042036014994,537
2c641430-397d-403a-85c6-241670378c92,3.1234078693942497,538
35a27930-1dec-46f4-be02-720f16f855cd,3.1220296787669484,539
e7e00c9c-8c24-4ec5-aa77-aba880aba7f2,3.121610273759951,540
df585f9d-73c2-4b51-b510-401b08082605,3.121501922813303,541
300e03e7-681a-490a-9a81-6754172c9317,3.1210634657599656,542
6132a757-fb2f-4c31-991b-a963b5614a6c,3.120773844675344,543
c92695b9-88aa-4df1-8b00-14e6356057cd,3.120099326319985,544
38f4aea1-35ee-4b31-bb68-4662d30ea982,3.119877500659907,545
81e8a2fb-fdd5-45a6-a8c8-d402b303a8b0,3.1195419714179393,546
24c43f70-2147-486b-a6b7-c172ae430b34,3.1191829991729536,547
32f7e384-7996-410b-8f7f-ccb576f68022,3.119138790340962,548
b778d6eb-ba42-4ab7-849e-c9b1189b24ba,3.118928972895857,549
48324fe9-edd9-40fe-8f9c-3849ee8596cb,3.117968251731312,550
a6f393f1-7f25-4d1f-9bc3-b840c6aab3e9,3.117540872729658,551
4763c4ab-fa61-4eab-a189-5a6ec7d4b66c,3.115924417886022,552
85642d38-323d-4583-9621-e7d401b9ec7b,3.115709131416016,553
206d6a66-cd1d-4bdf-a41a-a3ebe585cd89,3.1156224571034605,554
bda19127-2da6-46be-bd70-4bbe10916de1,3.1155705556751467,555
335f00a3-1f3a-44c9-a9a5-d3230719b6f4,3.114456290046188,556
5ce0bd1d-6425-43ec-b5b5-151547aa2b87,3.1135705117912242,557
601c9ae8-8484-4fe7-8ac4-b133b1bfc5f5,3.1105043556776177,558
59cc57e6-6ac6-45ff-8d8d-581ca2257c64,3.110432475463651,559
bc404858-14c2-420d-859b-63f047f3aea6,3.1101531320151445,560
db74ad13-a086-445e-8071-4bcff433ec79,3.109599051992438,561
c6b1a4b8-93e2-40ac-8abe-e4d1695f33d7,3.108691806391236,562
0079b00d-bbf2-45d3-aad8-76261852ca04,3.108139319043271,563
77e62ac5-47f8-46a0-8f19-ca82245de49b,3.107135850903311,564
ff40b93e-e4c9-4f97-aecb-41d31e963cd5,3.1068655857506764,565
542661dc-d018-486c-accc-0d988f2c1936,3.1049781588795633,566
dee95838-8e15-434d-8889-4deb9d059d93,3.1046316360434956,567
fb5b1dbb-f96b-461b-9cf9-2d6e21a86ab4,3.103133024104603,568
b97d5aad-e4b1-4571-bcb1-ced75e939609,3.1016958660953806,569
bb81aa3f-44da-49a3-93c2-fb862bb0b6bd,3.10122575622784,570
c63f7b6e-d5a7-4a18-98e3-5e992a553dbf,3.0995417509968015,571
167e95ae-465d-437a-b142-858201e4adf2,3.099119091975791,572
cba6090c-10b8-436f-9094-bbeed7073ea5,3.0973461758652245,573
56f67a09-d811-4f0d-8f7d-5d2e196939a7,3.0971126067293784,574
58fa5095-4c89-4946-be9f-002c92a525c4,3.096493949748207,575
2ed7933c-691f-4ba9-83f8-862937f94831,3.095806865966004,576
40b27315-a1cc-4dd5-b457-76545c9108a1,3.095623842524178,577
7b56e517-4a2c-4481-bbac-62b9da475fc7,3.09369789437046,578
1cb8d133-fedc-42ff-a1b1-6a553ffde966,3.0935034418345375,579
92855b4d-2b09-47e8-8a39-20013ec7e2d5,3.0916369937959134,580
da8e7338-dee0-4ede-8736-172760a5262d,3.0914892035544215,581
e042bd39-1b94-4246-8251-a701517f56d3,3.0912315739830047,582
ba97b9c1-c8a8-4905-8de3-31b9b5735186,3.0900951690154357,583
2179b01e-53ce-4d74-becb-94314cb7169d,3.0899199784523814,584
b33e47d9-237e-450c-b8f4-58cc4912cfdb,3.0899062365956618,585
5e015269-7d77-4e28-95d7-644071778546,3.0895188520679904,586
b20ce791-9bad-4b5f-a16e-55c339d511f8,3.089508331438998,587
e8b9eabe-dd1d-4172-b771-ab83619bd4fe,3.0893683867148884,588
0bca10cd-12d1-4c27-b09c-de7d080568a5,3.085461823807878,589
bf47e9db-05a4-4171-a5ef-f39838e18b63,3.0851434814645406,590
85db4046-534c-4851-a1df-0414b1dcab9b,3.083911107302014,591
d1abaaaf-5d07-49e5-a579-551c12b0b58d,3.0832282221022487,592
d96dcff7-bfa7-4305-bd45-0c2b776f92b4,3.0827601736751613,593
f2633895-08e7-4874-ae64-fb40778f2012,3.082197036803492,594
4c72cb79-80fa-4f6d-9574-d69b2d44980e,3.0818220232952935,595
83916607-62f6-4faf-8a28-02de33420249,3.081343548198975,596
f6e5178d-ea03-4e3d-9d43-b287d2263712,3.081101363928701,597
6162c551-0d17-478c-8410-8b8ce4927183,3.0810983861946775,598
bf09be3b-7650-42db-8ffe-c82bce080c17,3.0805849113448525,599
16d5a028-dc62-460e-b4f0-27e1fa294336,3.080578647623241,600
e61bd05e-50d6-4b1c-97b4-a30b189a37c6,3.080381239754907,601
0b674b13-3441-4057-8732-276b0bb56542,3.080327967649153,602
ad9061d6-de6c-4954-9dec-e2707c4e9db4,3.080064144828003,603
9d8eea77-802a-436f-8873-23efc7c30eaf,3.0794764463988504,604
1ff50e3a-90d0-4f4a-9070-94083bd95c93,3.079036544043545,605
5cfb9a57-4b68-4dd3-b195-01ca923b6b35,3.0778925231587393,606
2af44aec-ad5c-45eb-82a1-3f550be17ecb,3.0772409181388003,607
013eab80-994d-484b-8b10-cb978b743dcc,3.0767848147786108,608
c7ee242f-2e05-4367-932c-48a194d534df,3.0755716963178705,609
62d9920c-e547-402a-99db-ff33f89e759e,3.0741279866573326,610
7f49d368-85d0-40a5-b58e-7f66fff9c855,3.073924134125247,611
230c63d8-bd77-4719-88b4-42beb46349d8,3.073688706003966,612
b8c4e6df-1be8-4007-a3f4-932f61246ec7,3.072202215968191,613
65fc120d-d425-4f99-907d-de8809905cd2,3.0716146982309573,614
47528537-9669-4950-835b-45d32d3582ca,3.071160901998894,615
fbc8ee13-5523-4107-91cb-a4381a166cf9,3.071118245984128,616
61b575de-4e84-455b-bbe9-93d807925606,3.070855391270434,617
aac57756-ceb5-47d8-ba02-34467ea93961,3.070252079788902,618
bd2fbc9a-08dd-4dcf-9c8e-3b292346c1e7,3.06990369233952,619
8be84c18-9a15-4d2f-86cc-ce9ac256b613,3.06989799208236,620
866cd5ed-be14-4d79-80aa-4d87a8d323a2,3.069463695630953,621
83851ed4-3be1-4507-ad32-2424c7997440,3.0694120492225783,622
f609041e-56e2-4e04-a829-84ed767d766b,3.0690934203953546,623
6dce5741-a2f5-4a6b-95e1-46213c4a3f56,3.068275282373541,624
e5e44bb7-3257-4dc7-8af2-4f37d5a1337a,3.0678438083296897,625
c953b9f8-170e-46ad-b711-c8eb1c559526,3.066957582275508,626
0b52d317-656e-40f5-a34b-ea53c259fee0,3.0662018939806366,627
36b66c1e-2985-4175-826c-e8cfac9b38ed,3.0635260360919925,628
f25d15e8-3985-4b77-99a5-39d921f62c03,3.0628209509195217,629
fb46e199-7785-4f32-8328-4fdb445af7aa,3.0626721893463404,630
17ec8313-75d8-4b20-9ffa-152aa5addfbb,3.062630124943463,631
e3987ae3-43f7-4421-9998-3c1f84db82df,3.062441868292108,632
e5fde0c6-35af-4279-81f3-599a7618fd35,3.059963316627968,633
bf4f9315-1f6d-40f7-a415-81c9671c134f,3.0588287231399813,634
7c70a2b1-8a41-43cf-9331-0d225d32847b,3.0581084614658924,635
24a7df73-d980-4d1c-9645-ab5f6afab364,3.057491490708785,636
978f3fda-31c1-4432-9b50-decbf0d22a11,3.0569679588593597,637
d56a9577-a6d2-449f-8dd1-a3f21efc5220,3.0561669424179505,638
1ed588eb-296c-4197-95f9-f5edeac6cc71,3.0560113983116164,639
8d3a6558-1bd5-4ea9-8992-e084b47d730b,3.0551373844963363,640
c99ba420-e02d-44d7-b5ae-68b449b63764,3.054735607663568,641
1868952b-b1a6-4b1f-acdb-f25dbff7038f,3.0542725467576455,642
3f1dc0a1-8daa-447e-9757-1f9de22990f5,3.0527656164555204,643
c4746c97-ab09-485a-b850-dce1dabe906a,3.052262035225415,644
aee3cd58-4196-47d2-97d5-7db660cb7f67,3.050530123686742,645
ab504546-9fd3-469b-881b-277472f30418,3.049861789512857,646
6245b19c-3595-48fd-87fb-7565b851eb20,3.0493028558527926,647
47628668-8a10-4ab1-a727-8f6bff504fe5,3.048729729968911,648
4110baf3-510b-4bec-a743-2237323abaa2,3.04870994169547,649
298c7a78-5ea0-4140-9ecb-b2affe3676fa,3.0475253637878277,650
71c00f44-c427-4f2b-8b6d-9e185285df87,3.0471007059035675,651
437108fd-fa93-4846-9448-1ea9393b7754,3.0467864666920237,652
96617aff-00f5-4ce4-909d-a72d1cba4cef,3.0464012087802117,653
8e9e482c-e24a-4d55-a93b-d224789bda22,3.0453085780329863,654
bc97fea1-098c-4a6b-990f-7a465cd205ac,3.044653731443834,655
b500125f-63c9-4f3f-8f9a-926035704172,3.044266546835879,656
27ea230f-c6e4-4fde-9e33-594a4a1d92d9,3.043933441065886,657
f687156a-2390-4167-be3a-15f51fbdd93a,3.0426731883195717,658
1914cb2b-a5d7-4185-b209-c0e44a0e5452,3.0426094771815717,659
87bc092e-1d25-4138-9a1a-3624f8a928b7,3.0413129076681518,660
50eebd92-513e-4cc1-a67e-98a37b3be837,3.040628245733135,661
27ffc92e-9709-426c-896d-3f9b0205b91a,3.0404521860058784,662
0e1e51e3-971f-4333-8612-9c106992fb90,3.0387104995064993,663
d8a1aa48-30b9-4158-8e93-df27080b35ac,3.0378346298716026,664
fcce37cb-0d56-400a-84c8-867adca30857,3.03648101796861,665
9e3b2833-5154-4fc3-8e46-92fb9abb399b,3.0362748384332887,666
cb81f286-c7ae-4c18-85de-f3c4d8dd6cf3,3.0359880482767037,667
eed2fcc3-8e0d-4c51-a26f-2afed237fac9,3.0353681050438577,668
5f50210a-e185-4535-b5c9-cc3a45d2e2c9,3.035152937010146,669
3be3d9ae-b911-41e0-a6a4-91e24bc7f0b4,3.0345367970507353,670
6c77dd41-9014-4d3e-81d9-69a0c475a593,3.0318657222931487,671
aa6be4c8-ce1f-4bcd-9759-912680d60dce,3.03130551841915,672
47724a53-514e-4a74-80a7-8a5193896025,3.0312713086449574,673
53c386db-bdca-434c-a3a2-d989c814b70e,3.029392507096002,674
dc6f9a27-ede1-46a7-b4b0-6218febc7532,3.028642526631039,675
1a0bdf73-e4cd-44a5-aeb9-a868ab50c69c,3.028028877905957,676
9ba57c52-c30d-493e-831a-a53cfaf6b2da,3.026544926746685,677
c96a0545-b258-4456-9a91-5c2a29a00d6d,3.0262367517672892,678
e7f28de4-f105-404f-a70b-1aae4a23be10,3.0257807417430307,679
322a359d-bbc0-4910-8d19-e32884a4ef0d,3.0256152274664228,680
745cf64e-c1ec-43ee-9fb4-c6e2f0ab3a98,3.0252480224614597,681
212363cb-0c1e-46fa-9f61-7ace3dac61fb,3.024441252311299,682
26d6df52-6e88-436a-ae61-6b72104bf8f6,3.023582091867559,683
2b6ee1a7-3edb-4f3e-9a82-f6e71a1fbdd7,3.0222308990069315,684
ff3cb06c-f13f-4c7c-899a-82228bc5b955,3.01966407488171,685
0c947039-83e5-49b0-86e9-c06a0a55627b,3.0184144433079045,686
504858a2-d196-4795-b8fa-c98bf66a4a7e,3.0180235137110687,687
097ce8c3-4cfd-45e7-9c8a-42d10208b92b,3.017086762231982,688
534053df-a0b7-45b7-a51f-bdcb816bb97e,3.015999396388554,689
cd3b37f9-075d-4d86-8da0-6d9e03711096,3.0155682727651762,690
f151c585-0347-44e8-82ed-72b2f970b37f,3.015138774633186,691
680bfff3-1577-4ef1-84be-a959368ba9c0,3.0145784769130346,692
ac909603-29bb-41e8-a6f4-afee928afa3f,3.0138823645332566,693
a6d9c9f5-0996-4fb7-9bc1-29ad3c65871d,3.0132825810351496,694
2231c42d-c5d2-4ef5-b6e7-8f06eb538bf6,3.0131470229346724,695
30670ec7-a7ed-4b23-aff4-c4225ede407f,3.012455473790641,696
7eabe3e4-18f0-4086-b26a-9ffe85c3f3a0,3.0122137519633165,697
3f6cba2a-8835-418b-b3c8-484bcbcc1db5,3.0114923157447033,698
2b009db0-1ef4-4690-8bef-0098ca9edaa3,3.0110202014136744,699
9452b4a4-3301-4a02-bf1d-e7baa1b4965f,3.010799155436525,700
2613e9ef-0410-4650-b126-17509b4a3e8a,3.010467868438097,701
9400b266-9a6e-4209-95d1-33edd477108a,3.0101631654800136,702
ffc685c5-bf72-4e96-a26c-63c3d2ffacae,3.008927925767999,703
11a3ee98-eab6-407f-b8e0-cf41c493a478,3.0086994817013144,704
5c5efccf-cc00-4293-a7ed-ace353d0db14,3.008340133224835,705
5c2b1ee7-c9ad-49b0-a216-9adea47bc4e5,3.005925707682871,706
9b36b2cb-172c-4a13-ba3c-1b0e9063a912,3.00492824503561,707
4b8b8e8c-3e74-456b-b9d2-5c2d87a52a2d,3.003054997195323,708
8eba2a26-cd6e-4340-a392-cf8371e89389,3.0023533173992245,709
1234c54a-1e2a-4d23-aba0-a9868dfb182a,2.9994085083006925,710
1676831e-4d57-4dd3-8fab-4b6c9d6dd124,2.9983446724819474,711
5fe4431a-e584-4874-8a93-5233f53a020c,2.9976418369360913,712
6997d33c-4f00-4d1b-9345-78b980f4e427,2.9971677272670245,713
ef6b8e63-1de4-409d-9d1e-94f8d3947215,2.9953256717439882,714
4c26be0b-b9f4-42c8-acf6-d81f134523ea,2.9952663381210103,715
3dcd4a3f-7bd5-47fd-b937-fa1667365542,2.9947486889440773,716
459cb0f8-ecf8-4e6b-8336-d09f2546935f,2.991889246514346,717
9db3cbed-4db3-4810-bbe0-ab605e0e86d1,2.9914770758357414,718
bf00e791-16ad-484e-9f25-539fd8f7c73c,2.9914475733437134,719
56cb0258-6b7c-4937-b796-23c59e0c85a1,2.9906186298552067,720
2efbd6ca-cdef-4871-a4e5-5588cb9e1e4b,2.9905393236233815,721
dda62777-6b75-4c7a-a40d-265d0e092034,2.9905114231739764,722
cdabc729-cc63-4569-b94b-01475f7816cd,2.988771523533518,723
5d56ac47-45b4-4150-9fa6-ed189ec5a649,2.9884536566379705,724
437b4570-6ee7-4d20-be8c-d5e66ef1706d,2.9877538584437437,725
0e43b9b8-ac0c-4b8d-9063-50d8fa129b44,2.98607904690353,726
9fd23a22-e0d8-4f97-bf1f-b4ae465b96f5,2.985505678301679,727
25a909f8-64d1-42d2-9b6b-ea84263c6244,2.9851422460710926,728
eff56bb4-89e9-4575-b909-36fecd9a4076,2.9840310602917,729
828fb486-0546-45f9-9fb0-b4a8b666de93,2.9838087908419726,730
1f9dc481-8f03-4910-9f0d-f4ba8e5f550c,2.9809995308100157,731
f3b4c626-2433-4e25-8385-991d1f7de0b5,2.98091624788512,732
32a82cb0-8965-4202-8fab-989e033e1460,2.980646327428811,733
2db4d40c-ed60-4ebc-b1a8-36c8b1cf36fa,2.9803058412746077,734
522ab969-f8ec-4dee-a97b-39e5bb4f5d35,2.9791774908914643,735
58eed1cb-ad8c-4991-8461-e77463e34fa8,2.9769434196743547,736
ca6d564b-1338-4876-9b8a-2de1f7202a15,2.9766724867257586,737
29fd7070-ebbf-4e6e-b9f4-469fb4c5fa3a,2.9762207183730887,738
4229dcff-2e15-482c-8f5d-777b84662983,2.975195782055004,739
b0005b03-f6ff-4651-b446-83338774c83a,2.973732617383183,740
afd3e415-cb56-4425-94e1-4c4da1b8d1e1,2.9728970457801016,741
dd140019-96ca-4836-9f89-8b1953f77976,2.972627780934474,742
29079f8b-ed82-4b34-ac21-b1c4d2b138b7,2.972579718030517,743
c1d0d7f8-419e-4259-b02b-f7d02a6b841f,2.972122245131183,744
ca96a142-8b74-473c-9a9e-9c0aa5a24bb6,2.9719514164499534,745
f15f9f70-bf20-4492-a210-fc46f6e3f74d,2.971818819496956,746
bc7b9430-bda3-4328-84fd-9feab5fa1dc6,2.970971695109013,747
f8d4e2f3-45ed-47e6-af6d-030ab37a3f39,2.97068150339402,748
da50826d-2010-4900-a9d7-f1c7fed6b4ff,2.969559387516306,749
97917b61-cc10-4471-9262-73de3d3bf0b4,2.9659848983823562,750
c3063f4c-f2f8-4778-bb52-36c3eb4c6215,2.964470147428403,751
4281f265-852e-4509-b3a9-26e2b5e4ef16,2.9637766058546116,752
1c276c9c-ac32-437a-a796-07cc0996684f,2.961803595308657,753
a456abf4-85c1-4106-8d7a-2469de218e92,2.9613257104200383,754
7b0ce141-3ea0-4ab2-a48f-2ea5863c113f,2.960346885747014,755
42b7e147-f62c-460b-9d7f-c4db06b3ad35,2.959150240911909,756
b53fc4ea-4b8a-47c3-a569-0d623a7a99cd,2.958493322466757,757
0b0960a7-5148-42a1-a169-18950ebb2613,2.9578517454959163,758
1a203102-01a3-44b7-b1ef-20f6e1ec6bc7,2.956237826827537,759
4991e66d-b81d-4c5d-ac3f-5799e7c23bd4,2.9556153507847465,760
e5d76a9c-1a55-4cdd-9395-0a0d0acb2b3b,2.955330306187782,761
3255755b-64c1-49bf-8f8b-80bd3e6e3e27,2.9550883636733367,762
1da03ab7-03d2-409b-81f5-0b6e54e670d8,2.9541544464223084,763
1721f729-dd67-4c2e-ba23-d94487a767ce,2.952160823289135,764
48c11f34-5240-42d5-bd32-070842af260c,2.950987603191412,765
8eae0416-57fc-4af4-a4ec-24dc6ddfa190,2.9507718356261115,766
a2ca5219-cb2c-4a4f-91dd-c933f6c8688e,2.949116515415071,767
c17da1e0-742d-4339-8a1e-ddfe29267f49,2.94885180336587,768
776a6e74-ec6d-4a06-b8d0-f9b4a8801939,2.9486490393654616,769
94a03c48-9f39-437a-93e8-6cf2d38c51ec,2.9477735766842925,770
63553efe-04e9-46ec-b210-b68fad88e716,2.9472250547657537,771
6abc5626-ecea-4ec7-99dd-0dc5c093c0ef,2.947006361833837,772
d6fc5334-1605-44f2-ab19-00352c0421a4,2.946500212069874,773
843e4e99-3e13-436d-b484-a91ce03e5a17,2.946022089314217,774
11bf37fe-ad69-4bfd-bd15-c06cfdb9d223,2.944953162038473,775
a06b9cb7-4909-4316-a08d-b4761271f2b0,2.9447381730973925,776
765f6054-4000-4c61-a0c9-6131986564dd,2.9446783423304006,777
df2c1cd0-67bb-442d-aef9-43d66e493d7b,2.9439028082988012,778
57fc9321-62a9-488b-985b-32b451360235,2.9430458478095436,779
84a4cd96-ea31-4000-a15c-7b5ab8417be9,2.942758271890525,780
6ef5f211-4a2e-479e-9d6d-4060a2eef760,2.940072269075701,781
f240e9da-b9ff-4d90-9d1b-a389b7e592d8,2.940028912753309,782
96efb7e5-3430-4543-bd2a-0e3b1b375533,2.939056074170192,783
bccc24a3-4770-484e-8cd2-4dfe78757236,2.9385235402302774,784
c47f2c98-35c2-455a-8e96-67a57fe67dc1,2.938270566804551,785
ed40a76a-4d81-4ace-82ea-8602c17e92ae,2.938268567341665,786
6db5ddcd-1a0b-4ce1-b19b-85a10755d049,2.938130209329647,787
cfb329b4-bcf8-46b0-adb1-5f2a22e6eefe,2.937366530114766,788
19c90e8f-6cdf-4b83-8e96-a427147c3ea0,2.9359223968674892,789
84974a14-43b2-4d73-b5db-cf758edaa19a,2.9343506767956957,790
e7cccf39-29e3-4525-bd99-bcb01fb0b2e8,2.933852237281373,791
5c660dd6-1985-4b76-8c71-4b6e219e483d,2.933423831431698,792
2114dd26-7943-4482-a5a3-91adaed50cde,2.933070387083683,793
e2463d33-7f41-4358-9ea2-cf570f701aa4,2.932628360986768,794
c02757b3-0250-47e9-abe5-73f45322b48d,2.9300300945035667,795
a8c900f6-26cb-418f-b735-808156a08774,2.929917871563367,796
837f4edd-470e-4b91-a543-7dd821c17b68,2.9277931766699963,797
224dbb9c-1227-4263-b04d-de126b149ab5,2.927223248087787,798
fc5a30bb-673d-490b-8487-5fef23387b23,2.9269939039115656,799
07973dc8-c4c2-4134-9487-00f6154967ea,2.9269932880764595,800
49559c31-fe2d-4a2d-a14e-8cd6ab799d35,2.9254428138825395,801
3d62cedc-a567-4917-a7d1-fba1dd0e8a8a,2.924781583694422,802
0037bf68-78e5-4757-9c23-3bae1f5418c3,2.9240069315681696,803
25632c5c-0ebb-499c-8126-8743c92c457e,2.9238032285414874,804
aeb31192-9622-49fc-8607-0d895048f740,2.9235184555270997,805
595c6141-1de0-4f50-b8f3-2b1c61efa01f,2.9232877571696303,806
4aebca7e-fcd5-4bed-aafb-1af770575f40,2.921096860979589,807
5e794ecc-750a-477c-9ce9-a6321e346663,2.91963877100232,808
3814e50f-f11b-48a2-8ff0-110ada5919bb,2.9184709300015115,809
86eab181-32d3-4dfe-99fb-6d49a2240c6a,2.917717794178901,810
7a4cade9-96e1-44ec-bdbe-56fe6423880e,2.9167636210672607,811
f4ad9120-1657-412b-9b5b-a69f8f0d898d,2.9143590635335705,812
0f6c72a3-c3af-41e3-a4b1-647d76d53e2b,2.9110678001598065,813
4e9a6cf6-b39f-4703-83ee-3ccbdd00f6b1,2.910478672994327,814
3c04edb9-2c81-4637-964c-e976538dc667,2.9099992883782684,815
2d6c83bb-c854-4889-8f75-7cd68c757976,2.908893866621254,816
8c3fa27d-c589-4950-9e1e-a17f2640f5e6,2.9081710666622684,817
7e623459-14c2-4a7e-b6c3-0283fba9829a,2.907214664445472,818
c56993b1-6b38-45d4-ba88-6457fcd0543f,2.906751748048894,819
15e28fc7-b9b0-4170-90e2-d4445596289f,2.9060292096834615,820
f1b811ac-0823-4787-b229-efc06dd1d779,2.904090801635452,821
6e6a7557-40cd-4a16-adbc-76e6b4dee3a6,2.9036638929614487,822
d7686d6e-ffed-4f66-88e2-bc6d5234b927,2.9033913273368523,823
5d27830b-77c9-4d45-8526-3352f73b1ba1,2.9012404907159346,824
b49c8be6-aaea-4303-8530-267cbdf882e1,2.9005652413308134,825
a396b9e5-612d-41b7-af8e-a4b20d5172e8,2.8999520773136696,826
f9869daa-7a63-45ba-80c0-4bfd7147cbb9,2.8990258861143894,827
fef4465c-f6b4-42b4-a221-872aea5dccef,2.898291473598202,828
56baf972-895b-4246-816b-7ad856da31c3,2.897599162112775,829
59fb811d-ce2f-4225-a887-dc43f9804153,2.8967289365301827,830
4fd5893d-e635-4e9d-8843-98a6914c2edf,2.894904051111145,831
d5456906-a498-405c-8657-a9d8fe4e1d25,2.893870771151824,832
e56ce614-6d15-4a93-91f2-d05777c6f61e,2.8914897602286977,833
64539455-e768-4690-bbc8-04c15a6d62d2,2.8886885612328403,834
26846be1-9ae5-43de-8708-d50351df6db8,2.888594034589926,835
2a356404-0e80-4a68-915a-5eef46a40e87,2.887293446810657,836
cc3c41e8-a617-4fd6-b932-46ec404fdba1,2.8838740890368606,837
b28fecfd-6245-4931-ae01-2fcdd0c89fda,2.8820533379956768,838
28c0753e-244a-4b30-bab3-d2fcd2dccac5,2.881964816133109,839
ffb1da14-8333-4e64-94b2-aab0c293e3d8,2.8807060990203968,840
5e1911cc-17ba-40e7-b833-e67c2c21a632,2.879650607145962,841
3a11b02c-d60b-4fe7-8cb2-e268967d5fe6,2.8780494056307524,842
25a7827d-a925-4345-b884-ee71760510bb,2.8774589695353368,843
c6d78ba4-6809-4c0f-ab1b-1bfebd4a11a5,2.8765422246690298,844
018988d7-3531-461e-9b23-5ed26a588182,2.87356433730345,845
de7c7ece-2057-4eff-9825-018f7ab85f68,2.869388619118531,846
282ba358-21d3-479d-92b1-d64dfa1b2df6,2.8672318728132353,847
fa5c9526-2e46-4ed8-9b91-70c4cd0efe83,2.8661944345889143,848
d5055b29-189e-440b-a9f8-9211e9e84ddf,2.8644539890401064,849
fb006954-69ef-4127-a1a2-907837c80f4d,2.863989511891669,850
064259bd-0424-4463-acf6-e2bb062bae95,2.8622984476591156,851
70748cda-8855-45cf-8fde-712fb3de0d2e,2.8599408462229987,852
b7418b32-2b1e-4cab-9250-423eb1948413,2.8555605320281336,853
b252d45b-22a3-4c1c-8aab-28a13522f726,2.8549484251664827,854
5129696d-68e7-4b7a-8cc6-718d2688380d,2.8536989822285443,855
cb55fba3-6e75-482a-9412-d8cdb77c39be,2.852452038496977,856
1fb5d62e-4f50-4249-b5b7-16ddcd598ce9,2.849363331695766,857
f53d8587-2a9b-4832-8dfb-f3f03f6bd271,2.849287809119683,858
b466ee1a-5411-4892-b775-e47f41553017,2.8487974112855166,859
d1fedd27-d208-4fb2-86c2-805b4d4cd75d,2.847664876465767,860
a892a3b8-cebe-4b9d-a2f7-0d2e8648e074,2.8466654936304634,861
b41ca284-bd4f-4d6d-b336-1f97a875c4c1,2.8463622084560303,862
410a73a7-113b-49ba-a620-fa9f6fc21104,2.840279153679076,863
3fdd529a-6557-4ed6-8415-a67db484dd63,2.8396402413564,864
90edb42f-18c0-4314-96e7-b795f9bb3d17,2.839244551957732,865
711f693a-b2e3-4a64-9a9c-1dbed594e70b,2.835720555062155,866
537ce427-0fec-4a01-858b-f601af98e424,2.833947573421027,867
4e4c42a6-496e-4089-8fa9-164c96ef90cc,2.833768447956272,868
edfb1f56-7ac4-48a5-9ea9-c5b61f8bc1bd,2.8315774646770597,869
0a6d4dc3-a627-48e1-bc09-4725dc7eafb7,2.830175934366555,870
67502b9a-e9c4-4a0e-bd20-004b6565b8a0,2.8242538077971577,871
399be575-ab38-4bb1-b9bc-c8d782ad7df8,2.8231572289303855,872
434289b6-7787-414d-a2e6-a039986de338,2.822332422638875,873
22e587d1-c0e6-4529-b4d4-c4d361aa4aed,2.8209874702641273,874
3af7fd8d-d4a8-496a-803f-d532513ff645,2.8208692819700207,875
4831da59-34c7-42ef-ae11-09a9e3ac551d,2.8194593709833566,876
10819dcc-1d0c-4067-a21d-e74bd33bc587,2.8191920193913513,877
0045ab30-8fad-4bb2-93b8-3ad436c0e575,2.817399083981013,878
04a04c00-eb87-4281-ae14-9afc30507949,2.8144410268772826,879
6b1f65c3-f435-470b-b8a1-4b6ae3edbfbc,2.8127334587330917,880
0bc34889-8545-4a6a-a00c-c3cc2e86b093,2.812597032774521,881
24dd3c23-54fc-4566-8b82-3b32aa8c2a6a,2.8124611394042036,882
5a8bcc3d-08bd-4c5d-85e9-e6d4f17a0367,2.808025804544347,883
7e825579-03ef-4c22-9b5c-1215698c3770,2.8071469233455444,884
38895564-d6b8-4303-9aa9-979c1b0a2250,2.8069171647785063,885
6b303c31-fa57-44bb-a94d-c663973feb34,2.8061924864339343,886
f92e9a7e-dbbb-4e3f-ab79-e5a83272064a,2.8052187744012143,887
ac537560-0f4b-4a23-b156-dce54daa10f2,2.803547899722385,888
f3869b39-d7ce-43e7-8109-a33033d6a680,2.801722586492347,889
e03e5340-a6bd-49d9-bf1c-4ee3ad8e4bf6,2.7993442712145584,890
b1ba84c1-846f-42c0-a7a4-42d279082744,2.798925266746431,891
051a2292-697f-4b3b-9d89-abb1e0cd5cf5,2.798409833389689,892
963b3586-bb20-47ba-9a3f-248a77e720ee,2.7975754814311875,893
2a1c95bb-dd42-4884-af73-bf361239269d,2.796970166223656,894
302c6351-6ae5-41af-b04c-7cc0dcd0746c,2.796020966843728,895
5321f1a4-3d6f-4a62-a52f-3a0010fa81d7,2.7949715289789268,896
c8f2ea3a-e37b-4760-aba2-192ff1c8c588,2.7943463063377387,897
7ad92e7d-bd7f-4956-9d84-6982a25624ce,2.793181233067014,898
47b5d2cb-8616-41d2-a048-9e855be2107e,2.791623319978705,899
d7a938f0-a903-46e8-a4aa-47892fbf34a0,2.788271552157063,900
b9480c5f-4b18-4719-917b-05db1683d4ea,2.786845587853388,901
29d05c25-d09f-4355-b3c4-7f64a53b7b8f,2.7837586541097203,902
05b1d312-92e0-456a-8ba2-4ae7d75b07c2,2.7831032607502073,903
fa601b8c-ad45-462a-9c4d-eeffd46e6129,2.780929447273937,904
6db14407-f649-4498-bf0d-6350a9fd3772,2.7749961576286593,905
9521de85-5a54-4180-89ef-eb450381c0d9,2.7736903190063553,906
bf8fea75-8d5f-4653-932c-c154196a4f30,2.7686160614188164,907
f14ea2e5-a69e-4dea-87cc-fcb82bd93769,2.76643360518881,908
e8f5c0e5-32c9-4e79-89e5-5b08fa9ae78b,2.7656885524426467,909
edd37ed7-54e0-4cf6-ba96-7aa83904791b,2.7649063063110817,910
80fa678a-3ec5-4dcb-b99f-0271fa47b8e1,2.7637263676051416,911
8d3e09fd-1354-4e37-8405-354a7cfe19e7,2.763649285204437,912
3a546d93-3ab7-44c3-9745-90b63f75e3ec,2.7627534624143375,913
bf120386-e55e-4635-8b57-5eda03f8ba7a,2.7590981916541253,914
ab59d648-57c0-4e92-9946-57bdec6dbc44,2.7578425872737737,915
4182ac0c-7305-4ffa-af61-5ae988dfc526,2.756051012473021,916
8af93f84-15ae-4202-ad88-40fef5aeeee4,2.753416459245567,917
7c921af6-4247-4c0b-8c41-2841f944590b,2.7520332578544746,918
05e20c9e-7d03-4465-be8c-461e561cf61a,2.750212001667618,919
4d2f77a4-2a64-4946-bae8-256d18e7b9e5,2.749153168959467,920
9598c577-c0cf-47fa-9274-6cdb7395c79c,2.7488670785782117,921
42e76ce8-2c5f-4243-9923-de0605e990b7,2.74728626717482,922
82d6cb5b-2fde-4aaf-87f9-68b53d07a0b3,2.7457059263969907,923
c030ef69-8532-47c9-9968-a838b58b9601,2.742655673914029,924
a4de2a19-f884-48ef-bd1c-bc561085c0d5,2.741810919557518,925
432b1c0e-47de-4223-b9f4-bab3d3e43a90,2.7372177707117555,926
2c411c73-e400-4ecd-9ad6-d284edbcf96e,2.733825773480959,927
6cf7bafd-4d6f-420f-afee-c70db0707ee6,2.7320446925615114,928
3318081a-b904-44e0-a785-96363df47b2c,2.7292777077414283,929
155cf82a-80e7-4704-af83-c695b61b4b44,2.7215759538094844,930
b9a8c6ee-901f-4b64-af94-dab40fb40168,2.7209518954062992,931
5e2fa023-ac20-4f53-9c92-6c80fec996e0,2.7170039262769214,932
2a3aeb76-af4b-4645-ad98-465133bd27a7,2.7079225072318414,933
35fa6bbf-b214-457a-a8e1-a3b97ff5a212,2.7039868291179108,934
7e7eef8f-7bdf-4d47-8a0e-3cdcc98d0fa1,2.7023661241908674,935
4f162ff9-08ea-4ccf-9d2b-bcd18b524212,2.699371113572601,936
e0e374e8-089c-4f34-beea-2fb08a25adb1,2.6976976292279238,937
fedbcd6a-0f86-4daa-9f97-fb0568fa75ca,2.6915862637219066,938
d0a0b9c5-b2e1-4dc3-a1e7-9e59d896c388,2.6898536880630686,939
c19d514f-d905-49d7-8875-b831e4303a95,2.688215333354112,940
6c7d31f3-7004-4132-8e15-db3f12e747ad,2.6873217734908605,941
7792fb45-361d-410f-9079-06d00332133f,2.6843258355006823,942
b598b46c-7e05-45e0-81d1-9e0c74359a44,2.6838607274533888,943
900b2272-75a8-4d0c-a6c4-ec6c6a459677,2.681426711643766,944
34033361-0125-487e-9441-abbd0b66ffea,2.678554661149042,945
37b6bc51-8f45-4490-8b2a-8e9a8d6ce72e,2.678047513899656,946
6f4479ff-0286-440d-81bb-8383fd5ec4f6,2.674837854159159,947
355af040-af88-4bf8-b563-7ded3cc499e8,2.6735471847002668,948
a0d885c5-6ed5-4dc9-90c7-38cecf7cb136,2.6722177470487662,949
4a37b02f-9841-4689-88fe-f3f3102405a1,2.6702900283394944,950
db49c0fb-8686-4da4-bc07-0e0abfe4c6e2,2.6692902339668123,951
fc99ac85-d5a2-4648-a5a1-ed5d14a1dcf6,2.6671556072750304,952
6faac061-f9fc-48b3-b401-33dadb945876,2.666791923691557,953
8c2cfccd-6c22-4550-8c13-79b4cb28dae2,2.6666510931267338,954
b0388228-1f58-4714-83c9-13bedae5fd33,2.6630147723710533,955
1e56e349-6c1c-4209-a2b2-d7d5bc588b4c,2.659948826935402,956
34035afd-9fee-424d-85e3-49fe23783568,2.656115220860908,957
bb43658a-b507-49d2-84f4-833df19a2988,2.6546669833306695,958
40534396-f883-417a-9b7d-f530fa9e1849,2.646779475456504,959
2b5fa8c7-2b5c-4f02-91d1-9aea5a20d639,2.6428595268417125,960
6cc23620-2afe-4470-9aed-178764c04204,2.635654234467417,961
fba83168-5695-4184-b914-e5eb7c343b0e,2.629024698163842,962
1e00b651-86bb-497c-a750-b82d931c736b,2.6153635418504395,963
4aa44531-fd95-4c0d-b4bb-8ea1e11305b2,2.607248455066698,964
b5277f9d-af8d-4566-af57-8ef608c2d20d,2.6069678966404646,965
1fed8213-3925-4ead-beac-419802d41ae6,2.600222286163763,966
f3cb4524-31f2-4e4d-82d4-9a09ea19f506,2.598093256171128,967
e5ffd320-f05e-4d2c-8ec7-f58960f606e6,2.5954010896242696,968
fd182fb9-d22a-4760-973f-1e5e32219685,2.5951150449359264,969
1a54b4f6-889c-421d-bc26-ad3383f79e3b,2.5935555703957838,970
3e5f8351-c470-4a1e-9e09-df4069f42b86,2.5863551408913814,971
2972fd3a-d502-4a48-a8bb-9915c8c79662,2.5765093285517264,972
7f3e8168-cc56-4099-8831-5321ab925667,2.5760227773708864,973
1d4bb410-4a73-4046-aac2-a1618b19ab98,2.570496758320746,974
d02d2150-14b8-4007-809f-d54bee5f5f7c,2.56046938468548,975
409ec97e-79b5-4ec3-97c9-f0b985cfb2b5,2.5560412870918516,976
59c3e1ef-5792-43ca-9a0f-e6410941210f,2.555435183704398,977
ae8ce8e0-8ec4-4e3c-9efc-07ee2b1efa52,2.533983280685942,978
84d52fc3-9cec-4e4c-9289-d84cfe0dc504,2.5238900892221396,979
7f6da557-b3bc-4ffc-b606-3d7dc129c1c2,2.5047383966624492,980
2fca8453-359c-4e97-a58c-f51b297ee27e,2.494592905436988,981
785423f3-2f53-46ee-9ac8-91c443d95767,2.489146594723102,982
cb5f12c1-3e35-4c50-9dfe-4322d6f83601,2.479962924628112,983
c741fc01-3c4a-4508-a80d-b7dc991eaa0f,2.4753671818773872,984
406adb8d-cb58-4035-b752-aa6449858d9d,2.4499733442525953,985
ff3bd8bb-d611-4547-9efc-5f4a89163e47,2.4499245092705397,986
d8450e88-1f23-457f-9df1-4f6a09adfc40,2.408406690126058,987
8a267b05-0178-4556-80bf-be8ce1c30a99,2.4019924594880817,988
00c94da4-3cb6-4971-b2da-87825660fbef,2.400974333551524,989
a206221a-0bbd-4ebd-8a67-e43fd28f9e95,2.400888232981323,990
98effde6-074b-45dc-a0f2-78f565d160e6,2.3999285279495024,991
c29cbdf6-7b77-4a2e-b82d-09852b535e75,2.3887822312881646,992
9eea5703-749c-461b-86eb-8183ccb43994,2.3839660371258065,993
f31f02eb-dc08-4b9e-8905-780ef2fc7cdc,2.3428622273653716,994
e2356362-ad3c-441a-8b46-8c6d658d742f,2.314691444005141,995
260bc88c-5c24-42dc-81ae-3be5a90fd25d,2.302928544945843,996
79b8949f-8dda-45dc-8cfa-92227f29c1b7,2.2917359252652365,997
a2bc3d65-d3a6-4019-a543-5cd0c85aac1d,2.210768345781246,998
6491d85c-703a-4739-988d-8de629c31e72,2.130044680800969,999
288f0172-f007-4aa8-82ce-8cf7c9d387e8,2.0267587241276215,1000
